id,firstname,lastname,email,profession
100,Lilith,Konyn,Lilith.Konyn@yopmail.com,developer
101,Danika,Avi,Danika.Avi@yopmail.com,doctor
102,Randa,Masao,Randa.Masao@yopmail.com,doctor
103,Lenna,Glenden,Lenna.Glenden@yopmail.com,developer
104,Adele,Alarise,Adele.Alarise@yopmail.com,firefighter
105,Joceline,Orpah,Joceline.Orpah@yopmail.com,worker
106,Paulita,Stuart,Paulita.Stuart@yopmail.com,doctor
107,Melodie,Medrek,Melodie.Medrek@yopmail.com,firefighter
108,Bee,Kosey,Bee.Kosey@yopmail.com,developer
109,Ardenia,Chobot,Ardenia.Chobot@yopmail.com,doctor
110,Anica,Zaslow,Anica.Zaslow@yopmail.com,firefighter
111,Basia,Olympium,Basia.Olympium@yopmail.com,doctor
112,Frieda,Nore,Frieda.Nore@yopmail.com,worker
113,Fayre,Helve,Fayre.Helve@yopmail.com,doctor
114,Gerianna,Tybald,Gerianna.Tybald@yopmail.com,worker
115,Ginnie,Brodench,Ginnie.Brodench@yopmail.com,doctor
116,Sonni,Cosenza,Sonni.Cosenza@yopmail.com,police officer
117,Viviene,Nance,Viviene.Nance@yopmail.com,firefighter
118,Blondelle,Sheng,Blondelle.Sheng@yopmail.com,developer
119,Annecorinne,Roscoe,Annecorinne.Roscoe@yopmail.com,police officer
120,Vinita,Malvino,Vinita.Malvino@yopmail.com,police officer
121,Minne,Vins,Minne.Vins@yopmail.com,firefighter
122,Claresta,Teddman,Claresta.Teddman@yopmail.com,police officer
123,Lorie,Othilia,Lorie.Othilia@yopmail.com,police officer
124,Ana,Susannah,Ana.Susannah@yopmail.com,developer
125,Jennica,Douglass,Jennica.Douglass@yopmail.com,worker
126,Jasmina,Carolin,Jasmina.Carolin@yopmail.com,police officer
127,Nonnah,Giule,Nonnah.Giule@yopmail.com,worker
128,Dode,Sperling,Dode.Sperling@yopmail.com,doctor
129,Regina,Deegan,Regina.Deegan@yopmail.com,firefighter
130,Vere,Fitzsimmons,Vere.Fitzsimmons@yopmail.com,firefighter
131,Mellicent,Bartlett,Mellicent.Bartlett@yopmail.com,doctor
132,Madeleine,Kauppi,Madeleine.Kauppi@yopmail.com,developer
133,Maud,Armanda,Maud.Armanda@yopmail.com,developer
134,Isa,Diogenes,Isa.Diogenes@yopmail.com,police officer
135,Winny,Japeth,Winny.Japeth@yopmail.com,worker
136,Jenda,O'Neill,Jenda.O'Neill@yopmail.com,worker
137,Ulrike,Belanger,Ulrike.Belanger@yopmail.com,firefighter
138,Adriana,Janene,Adriana.Janene@yopmail.com,police officer
139,Rani,Buffum,Rani.Buffum@yopmail.com,worker
140,Hallie,McGrody,Hallie.McGrody@yopmail.com,worker
141,Nadine,Dielu,Nadine.Dielu@yopmail.com,police officer
142,Alleen,Vilma,Alleen.Vilma@yopmail.com,police officer
143,Madeleine,Cynar,Madeleine.Cynar@yopmail.com,worker
144,Kelly,Deegan,Kelly.Deegan@yopmail.com,firefighter
145,Malina,Belanger,Malina.Belanger@yopmail.com,worker
146,Vivia,Gunn,Vivia.Gunn@yopmail.com,police officer
147,Roseline,Sherfield,Roseline.Sherfield@yopmail.com,doctor
148,Jaime,Calhoun,Jaime.Calhoun@yopmail.com,developer
149,Reeba,Drus,Reeba.Drus@yopmail.com,police officer
150,Doro,Nikaniki,Doro.Nikaniki@yopmail.com,developer
151,Juliane,Seligman,Juliane.Seligman@yopmail.com,police officer
152,Nadine,Shelba,Nadine.Shelba@yopmail.com,worker
153,Myrtice,Hamil,Myrtice.Hamil@yopmail.com,police officer
154,Konstance,Woodberry,Konstance.Woodberry@yopmail.com,doctor
155,Meghann,Septima,Meghann.Septima@yopmail.com,firefighter
156,Rivalee,Poll,Rivalee.Poll@yopmail.com,developer
157,Nicoli,Standing,Nicoli.Standing@yopmail.com,police officer
158,Ursulina,Cressida,Ursulina.Cressida@yopmail.com,police officer
159,Renae,Deny,Renae.Deny@yopmail.com,police officer
160,Priscilla,Connelly,Priscilla.Connelly@yopmail.com,worker
161,Elfreda,Othilia,Elfreda.Othilia@yopmail.com,developer
162,Damaris,Bryna,Damaris.Bryna@yopmail.com,police officer
163,Sean,Schonfeld,Sean.Schonfeld@yopmail.com,worker
164,Cherrita,Grobe,Cherrita.Grobe@yopmail.com,worker
165,Hallie,Huggins,Hallie.Huggins@yopmail.com,firefighter
166,Petronia,Phaidra,Petronia.Phaidra@yopmail.com,police officer
167,Corina,Doig,Corina.Doig@yopmail.com,police officer
168,Gavrielle,Schroth,Gavrielle.Schroth@yopmail.com,developer
169,Corry,Allare,Corry.Allare@yopmail.com,developer
170,Maud,Yuille,Maud.Yuille@yopmail.com,developer
171,Hallie,Genna,Hallie.Genna@yopmail.com,worker
172,Leeanne,Abram,Leeanne.Abram@yopmail.com,firefighter
173,Eadie,Septima,Eadie.Septima@yopmail.com,doctor
174,Darci,Kristi,Darci.Kristi@yopmail.com,firefighter
175,Danny,Ochs,Danny.Ochs@yopmail.com,worker
176,Joeann,Solitta,Joeann.Solitta@yopmail.com,worker
177,Cindelyn,Sharl,Cindelyn.Sharl@yopmail.com,developer
178,Mahalia,Saunderson,Mahalia.Saunderson@yopmail.com,worker
179,Dari,Briney,Dari.Briney@yopmail.com,developer
180,Dania,Hutchison,Dania.Hutchison@yopmail.com,worker
181,Kristina,August,Kristina.August@yopmail.com,doctor
182,Tressa,Manolo,Tressa.Manolo@yopmail.com,police officer
183,Sandie,Fax,Sandie.Fax@yopmail.com,firefighter
184,Fred,Kirstin,Fred.Kirstin@yopmail.com,doctor
185,Marita,Seumas,Marita.Seumas@yopmail.com,firefighter
186,Valeda,Deegan,Valeda.Deegan@yopmail.com,worker
187,Lacie,Engdahl,Lacie.Engdahl@yopmail.com,firefighter
188,Vinita,Sothena,Vinita.Sothena@yopmail.com,firefighter
189,Paulita,Jacqui,Paulita.Jacqui@yopmail.com,developer
190,Emylee,Grayce,Emylee.Grayce@yopmail.com,worker
191,Fredericka,Tjon,Fredericka.Tjon@yopmail.com,police officer
192,Jolyn,Fulmer,Jolyn.Fulmer@yopmail.com,police officer
193,Tami,Primalia,Tami.Primalia@yopmail.com,police officer
194,Delilah,Kat,Delilah.Kat@yopmail.com,firefighter
195,Hollie,Urias,Hollie.Urias@yopmail.com,worker
196,Jordan,Iaverne,Jordan.Iaverne@yopmail.com,worker
197,Alyda,Maxi,Alyda.Maxi@yopmail.com,developer
198,Annora,Mendez,Annora.Mendez@yopmail.com,doctor
199,Steffane,Warthman,Steffane.Warthman@yopmail.com,firefighter
200,Gerianna,Payson,Gerianna.Payson@yopmail.com,developer
201,Carol-Jean,Madelene,Carol-Jean.Madelene@yopmail.com,police officer
202,Randa,Chauncey,Randa.Chauncey@yopmail.com,developer
203,Romona,Papageno,Romona.Papageno@yopmail.com,firefighter
204,Mara,Arvo,Mara.Arvo@yopmail.com,developer
205,Allis,Hedve,Allis.Hedve@yopmail.com,police officer
206,Edyth,Behre,Edyth.Behre@yopmail.com,doctor
207,Catharine,Lenny,Catharine.Lenny@yopmail.com,developer
208,Albertina,Dimitris,Albertina.Dimitris@yopmail.com,doctor
209,Paule,Maryanne,Paule.Maryanne@yopmail.com,developer
210,Aubrie,Colp,Aubrie.Colp@yopmail.com,worker
211,Micheline,Arathorn,Micheline.Arathorn@yopmail.com,doctor
212,Hayley,McAdams,Hayley.McAdams@yopmail.com,doctor
213,Marinna,Norvol,Marinna.Norvol@yopmail.com,doctor
214,Bill,Frodi,Bill.Frodi@yopmail.com,doctor
215,Georgetta,Guthrie,Georgetta.Guthrie@yopmail.com,doctor
216,Pierette,Lay,Pierette.Lay@yopmail.com,developer
217,Cindelyn,Heisel,Cindelyn.Heisel@yopmail.com,developer
218,Thalia,Lea,Thalia.Lea@yopmail.com,police officer
219,Selma,Libna,Selma.Libna@yopmail.com,firefighter
220,Lily,McCutcheon,Lily.McCutcheon@yopmail.com,developer
221,Jean,Alejoa,Jean.Alejoa@yopmail.com,police officer
222,Gwyneth,Bach,Gwyneth.Bach@yopmail.com,doctor
223,Stacey,Girardo,Stacey.Girardo@yopmail.com,firefighter
224,Jacquetta,Amadas,Jacquetta.Amadas@yopmail.com,worker
225,Ada,Johanna,Ada.Johanna@yopmail.com,doctor
226,Pierette,Terrence,Pierette.Terrence@yopmail.com,police officer
227,Marylou,Ferino,Marylou.Ferino@yopmail.com,worker
228,Edyth,Anderea,Edyth.Anderea@yopmail.com,doctor
229,Gale,Ioab,Gale.Ioab@yopmail.com,police officer
230,Calla,Chobot,Calla.Chobot@yopmail.com,worker
231,Charissa,Gahl,Charissa.Gahl@yopmail.com,police officer
232,Shell,Linehan,Shell.Linehan@yopmail.com,doctor
233,Glenda,Haymes,Glenda.Haymes@yopmail.com,firefighter
234,Dacia,Phyllis,Dacia.Phyllis@yopmail.com,developer
235,Corry,Anton,Corry.Anton@yopmail.com,worker
236,Aaren,Strephon,Aaren.Strephon@yopmail.com,doctor
237,Mady,Miru,Mady.Miru@yopmail.com,firefighter
238,Janenna,Brunell,Janenna.Brunell@yopmail.com,doctor
239,Caressa,Suk,Caressa.Suk@yopmail.com,police officer
240,Meg,Edmund,Meg.Edmund@yopmail.com,developer
241,Jemie,Flita,Jemie.Flita@yopmail.com,worker
242,Nonnah,Andrel,Nonnah.Andrel@yopmail.com,firefighter
243,Gui,Gemini,Gui.Gemini@yopmail.com,police officer
244,Lorenza,Cullin,Lorenza.Cullin@yopmail.com,firefighter
245,Shaylyn,Amadas,Shaylyn.Amadas@yopmail.com,doctor
246,Sarette,Dex,Sarette.Dex@yopmail.com,developer
247,Devina,Serilda,Devina.Serilda@yopmail.com,firefighter
248,Carlie,Eben,Carlie.Eben@yopmail.com,doctor
249,Suzette,Faro,Suzette.Faro@yopmail.com,police officer
250,Lorne,Minetta,Lorne.Minetta@yopmail.com,police officer
251,Berta,Artie,Berta.Artie@yopmail.com,firefighter
252,Laurene,Bohlin,Laurene.Bohlin@yopmail.com,firefighter
253,Norine,Capello,Norine.Capello@yopmail.com,doctor
254,Lizzie,Burch,Lizzie.Burch@yopmail.com,developer
255,Nariko,Joli,Nariko.Joli@yopmail.com,police officer
256,Celisse,Fitzsimmons,Celisse.Fitzsimmons@yopmail.com,developer
257,Marline,Taima,Marline.Taima@yopmail.com,police officer
258,Merle,Pulsifer,Merle.Pulsifer@yopmail.com,firefighter
259,Eve,Thornburg,Eve.Thornburg@yopmail.com,worker
260,Vinita,Abbot,Vinita.Abbot@yopmail.com,developer
261,Alisha,Fiester,Alisha.Fiester@yopmail.com,worker
262,Flo,Cottle,Flo.Cottle@yopmail.com,worker
263,Winifred,Jehu,Winifred.Jehu@yopmail.com,developer
264,Fredericka,Gaal,Fredericka.Gaal@yopmail.com,police officer
265,Dacia,Margret,Dacia.Margret@yopmail.com,police officer
266,Cherrita,Phaidra,Cherrita.Phaidra@yopmail.com,developer
267,Catharine,Jeanne,Catharine.Jeanne@yopmail.com,police officer
268,Correy,Medrek,Correy.Medrek@yopmail.com,worker
269,Joelly,Bendick,Joelly.Bendick@yopmail.com,worker
270,Dale,Baudin,Dale.Baudin@yopmail.com,developer
271,Carlie,Fiester,Carlie.Fiester@yopmail.com,doctor
272,Sashenka,Quent,Sashenka.Quent@yopmail.com,police officer
273,Jenda,Toffic,Jenda.Toffic@yopmail.com,police officer
274,Mary,Posner,Mary.Posner@yopmail.com,police officer
275,Cassondra,Kare,Cassondra.Kare@yopmail.com,developer
276,Consuela,Kosey,Consuela.Kosey@yopmail.com,developer
277,Anallese,Carolin,Anallese.Carolin@yopmail.com,doctor
278,Taffy,Greyson,Taffy.Greyson@yopmail.com,doctor
279,Joceline,Lindemann,Joceline.Lindemann@yopmail.com,police officer
280,Shandie,Jary,Shandie.Jary@yopmail.com,police officer
281,Chrystel,Bennie,Chrystel.Bennie@yopmail.com,developer
282,Althea,Velick,Althea.Velick@yopmail.com,developer
283,Reeba,Huggins,Reeba.Huggins@yopmail.com,doctor
284,Ericka,Sasnett,Ericka.Sasnett@yopmail.com,police officer
285,Ada,Ulphia,Ada.Ulphia@yopmail.com,firefighter
286,Sean,Marisa,Sean.Marisa@yopmail.com,developer
287,Livvyy,Raychel,Livvyy.Raychel@yopmail.com,worker
288,Robbi,Odell,Robbi.Odell@yopmail.com,worker
289,Estell,Hebner,Estell.Hebner@yopmail.com,police officer
290,Yvonne,Philipp,Yvonne.Philipp@yopmail.com,worker
291,Kary,Hanleigh,Kary.Hanleigh@yopmail.com,firefighter
292,Elbertina,Selway,Elbertina.Selway@yopmail.com,police officer
293,Halette,Oneida,Halette.Oneida@yopmail.com,firefighter
294,Aaren,Elsinore,Aaren.Elsinore@yopmail.com,police officer
295,Katuscha,Ciapas,Katuscha.Ciapas@yopmail.com,police officer
296,Tani,McAdams,Tani.McAdams@yopmail.com,worker
297,Kellen,Wolfgram,Kellen.Wolfgram@yopmail.com,firefighter
298,Glynnis,Edison,Glynnis.Edison@yopmail.com,doctor
299,Ariela,Colp,Ariela.Colp@yopmail.com,doctor
300,Daryl,Magdalen,Daryl.Magdalen@yopmail.com,developer
301,Yetty,Amadas,Yetty.Amadas@yopmail.com,worker
302,Nerta,Pillsbury,Nerta.Pillsbury@yopmail.com,firefighter
303,Ronna,Talia,Ronna.Talia@yopmail.com,doctor
304,Therine,Loring,Therine.Loring@yopmail.com,doctor
305,Joceline,Jerold,Joceline.Jerold@yopmail.com,police officer
306,Chandra,Jobi,Chandra.Jobi@yopmail.com,doctor
307,Lynde,Marsden,Lynde.Marsden@yopmail.com,worker
308,Renae,Yusuk,Renae.Yusuk@yopmail.com,developer
309,Adore,Codding,Adore.Codding@yopmail.com,doctor
310,Alejandra,Virgin,Alejandra.Virgin@yopmail.com,police officer
311,Agathe,Plato,Agathe.Plato@yopmail.com,worker
312,Annaliese,Brian,Annaliese.Brian@yopmail.com,police officer
313,Kittie,Cressida,Kittie.Cressida@yopmail.com,worker
314,Sarette,Goode,Sarette.Goode@yopmail.com,worker
315,Randa,Romelda,Randa.Romelda@yopmail.com,firefighter
316,Joeann,Lucienne,Joeann.Lucienne@yopmail.com,firefighter
317,Cordi,Hillel,Cordi.Hillel@yopmail.com,police officer
318,Marleah,Lymann,Marleah.Lymann@yopmail.com,doctor
319,Carmencita,Alcott,Carmencita.Alcott@yopmail.com,developer
320,Camile,Terrence,Camile.Terrence@yopmail.com,developer
321,Luci,Gahl,Luci.Gahl@yopmail.com,doctor
322,Ardys,Cottle,Ardys.Cottle@yopmail.com,police officer
323,Ketti,Mott,Ketti.Mott@yopmail.com,developer
324,Kassey,Ade,Kassey.Ade@yopmail.com,firefighter
325,Britte,Corabella,Britte.Corabella@yopmail.com,doctor
326,Dorthy,Yorick,Dorthy.Yorick@yopmail.com,police officer
327,Fayre,Matthew,Fayre.Matthew@yopmail.com,police officer
328,Tori,Waldron,Tori.Waldron@yopmail.com,police officer
329,Alex,Croix,Alex.Croix@yopmail.com,doctor
330,Tatiania,Medrek,Tatiania.Medrek@yopmail.com,police officer
331,Dania,Euridice,Dania.Euridice@yopmail.com,police officer
332,Nariko,Yoko,Nariko.Yoko@yopmail.com,police officer
333,Daphne,Naor,Daphne.Naor@yopmail.com,developer
334,Korrie,Maroney,Korrie.Maroney@yopmail.com,firefighter
335,Jaclyn,Shirberg,Jaclyn.Shirberg@yopmail.com,police officer
336,Tarra,Ailyn,Tarra.Ailyn@yopmail.com,police officer
337,Monika,Lail,Monika.Lail@yopmail.com,police officer
338,Karlee,Terrence,Karlee.Terrence@yopmail.com,firefighter
339,Jan,Merna,Jan.Merna@yopmail.com,developer
340,Claudina,Orelee,Claudina.Orelee@yopmail.com,worker
341,Eve,Curren,Eve.Curren@yopmail.com,developer
342,Gisela,Melony,Gisela.Melony@yopmail.com,developer
343,Dania,Teddman,Dania.Teddman@yopmail.com,police officer
344,Agathe,Burkle,Agathe.Burkle@yopmail.com,doctor
345,Marnia,Dermott,Marnia.Dermott@yopmail.com,developer
346,Mamie,Ciro,Mamie.Ciro@yopmail.com,worker
347,Nicoli,Weitman,Nicoli.Weitman@yopmail.com,doctor
348,Rebeca,Kolnick,Rebeca.Kolnick@yopmail.com,developer
349,Priscilla,Vernier,Priscilla.Vernier@yopmail.com,firefighter
350,Zondra,Jorgan,Zondra.Jorgan@yopmail.com,firefighter
351,Carlie,Sheedy,Carlie.Sheedy@yopmail.com,developer
352,Shell,Salvidor,Shell.Salvidor@yopmail.com,worker
353,Claudina,Burch,Claudina.Burch@yopmail.com,worker
354,Sheree,Ellord,Sheree.Ellord@yopmail.com,firefighter
355,Orsola,Kristi,Orsola.Kristi@yopmail.com,worker
356,Madelle,Emerson,Madelle.Emerson@yopmail.com,worker
357,Lorie,Rillings,Lorie.Rillings@yopmail.com,doctor
358,Cyb,Rubie,Cyb.Rubie@yopmail.com,developer
359,Loree,Latini,Loree.Latini@yopmail.com,doctor
360,Kirbee,Carleen,Kirbee.Carleen@yopmail.com,worker
361,Jacquetta,Nicoline,Jacquetta.Nicoline@yopmail.com,worker
362,Josephine,Richers,Josephine.Richers@yopmail.com,firefighter
363,Lanna,Dosia,Lanna.Dosia@yopmail.com,worker
364,Lucille,Alva,Lucille.Alva@yopmail.com,doctor
365,Almeta,Schenck,Almeta.Schenck@yopmail.com,police officer
366,Celisse,Anderea,Celisse.Anderea@yopmail.com,doctor
367,Pamella,Lacombe,Pamella.Lacombe@yopmail.com,doctor
368,Theodora,Lane,Theodora.Lane@yopmail.com,firefighter
369,Alyda,Gerge,Alyda.Gerge@yopmail.com,doctor
370,Karolina,Blake,Karolina.Blake@yopmail.com,developer
371,Felice,Richers,Felice.Richers@yopmail.com,worker
372,Valli,Abram,Valli.Abram@yopmail.com,firefighter
373,Pamella,Sabella,Pamella.Sabella@yopmail.com,doctor
374,Ada,Tjon,Ada.Tjon@yopmail.com,developer
375,Nessie,Nunci,Nessie.Nunci@yopmail.com,firefighter
376,Elfreda,Madox,Elfreda.Madox@yopmail.com,doctor
377,Lita,Nadia,Lita.Nadia@yopmail.com,developer
378,Kristina,Noelyn,Kristina.Noelyn@yopmail.com,worker
379,Carolina,Timon,Carolina.Timon@yopmail.com,firefighter
380,Krystle,Andrel,Krystle.Andrel@yopmail.com,police officer
381,Felice,Bearnard,Felice.Bearnard@yopmail.com,doctor
382,Mathilda,Ricki,Mathilda.Ricki@yopmail.com,worker
383,Marita,Dosia,Marita.Dosia@yopmail.com,developer
384,Marcy,Autrey,Marcy.Autrey@yopmail.com,doctor
385,Leontine,Letsou,Leontine.Letsou@yopmail.com,firefighter
386,Claudina,Liva,Claudina.Liva@yopmail.com,police officer
387,Calla,Frendel,Calla.Frendel@yopmail.com,worker
388,Paola,Dermott,Paola.Dermott@yopmail.com,doctor
389,Ana,Durante,Ana.Durante@yopmail.com,developer
390,Hermione,Malanie,Hermione.Malanie@yopmail.com,developer
391,Claudina,Slifka,Claudina.Slifka@yopmail.com,worker
392,Isa,Swanhildas,Isa.Swanhildas@yopmail.com,developer
393,Blinni,Hull,Blinni.Hull@yopmail.com,police officer
394,Tatiania,Fiann,Tatiania.Fiann@yopmail.com,worker
395,Corene,Neva,Corene.Neva@yopmail.com,police officer
396,Nadine,Raffo,Nadine.Raffo@yopmail.com,doctor
397,Chandra,Ranjiv,Chandra.Ranjiv@yopmail.com,developer
398,Eolanda,Gherardo,Eolanda.Gherardo@yopmail.com,worker
399,Meriel,Curren,Meriel.Curren@yopmail.com,firefighter
400,Nananne,Posner,Nananne.Posner@yopmail.com,worker
401,Lita,Mich,Lita.Mich@yopmail.com,police officer
402,Nita,Fillbert,Nita.Fillbert@yopmail.com,police officer
403,Adele,Gwenore,Adele.Gwenore@yopmail.com,doctor
404,Alejandra,Himelman,Alejandra.Himelman@yopmail.com,worker
405,Anica,Roxanna,Anica.Roxanna@yopmail.com,police officer
406,Elora,Pettiford,Elora.Pettiford@yopmail.com,firefighter
407,Riannon,Cosenza,Riannon.Cosenza@yopmail.com,doctor
408,Kristan,Shirberg,Kristan.Shirberg@yopmail.com,firefighter
409,Courtnay,Gahl,Courtnay.Gahl@yopmail.com,doctor
410,Demetris,Khorma,Demetris.Khorma@yopmail.com,firefighter
411,Mara,Leifeste,Mara.Leifeste@yopmail.com,developer
412,Angela,Garrison,Angela.Garrison@yopmail.com,firefighter
413,Lauryn,Dorine,Lauryn.Dorine@yopmail.com,worker
414,Mamie,Baudin,Mamie.Baudin@yopmail.com,police officer
415,Corly,Gaulin,Corly.Gaulin@yopmail.com,developer
416,Kelly,Tatianas,Kelly.Tatianas@yopmail.com,doctor
417,Shauna,Terencio,Shauna.Terencio@yopmail.com,developer
418,Jany,Caitlin,Jany.Caitlin@yopmail.com,worker
419,Tomasina,Nester,Tomasina.Nester@yopmail.com,police officer
420,Myrtice,Naashom,Myrtice.Naashom@yopmail.com,developer
421,Teddie,Lymann,Teddie.Lymann@yopmail.com,firefighter
422,Cordi,Wallis,Cordi.Wallis@yopmail.com,worker
423,Clarice,Woodberry,Clarice.Woodberry@yopmail.com,doctor
424,Gratia,Old,Gratia.Old@yopmail.com,firefighter
425,Kirbee,Ellord,Kirbee.Ellord@yopmail.com,worker
426,Candi,Justinn,Candi.Justinn@yopmail.com,police officer
427,Dorice,Israeli,Dorice.Israeli@yopmail.com,firefighter
428,Kaja,Valoniah,Kaja.Valoniah@yopmail.com,police officer
429,Kathy,Stoller,Kathy.Stoller@yopmail.com,developer
430,Wendi,Screens,Wendi.Screens@yopmail.com,doctor
431,Tarra,Pernick,Tarra.Pernick@yopmail.com,firefighter
432,Florencia,Chobot,Florencia.Chobot@yopmail.com,worker
433,Zaria,Erskine,Zaria.Erskine@yopmail.com,firefighter
434,Tobe,Mintz,Tobe.Mintz@yopmail.com,police officer
435,Jerry,Haldas,Jerry.Haldas@yopmail.com,developer
436,Jany,Ricki,Jany.Ricki@yopmail.com,firefighter
437,Robbi,Ietta,Robbi.Ietta@yopmail.com,firefighter
438,Riannon,Goode,Riannon.Goode@yopmail.com,firefighter
439,Leanna,Mott,Leanna.Mott@yopmail.com,firefighter
440,Kamilah,Dreda,Kamilah.Dreda@yopmail.com,worker
441,Gusty,Rudolph,Gusty.Rudolph@yopmail.com,developer
442,Stephanie,Goth,Stephanie.Goth@yopmail.com,doctor
443,Rebeca,Pyle,Rebeca.Pyle@yopmail.com,police officer
444,Ursulina,Lay,Ursulina.Lay@yopmail.com,worker
445,Dione,Clywd,Dione.Clywd@yopmail.com,police officer
446,Britte,Hertzfeld,Britte.Hertzfeld@yopmail.com,police officer
447,Feliza,Mandler,Feliza.Mandler@yopmail.com,doctor
448,Sissy,Ball,Sissy.Ball@yopmail.com,developer
449,Roberta,Albertine,Roberta.Albertine@yopmail.com,worker
450,Sheree,Bonilla,Sheree.Bonilla@yopmail.com,firefighter
451,Krystle,Jotham,Krystle.Jotham@yopmail.com,firefighter
452,Gusella,Lattie,Gusella.Lattie@yopmail.com,police officer
453,Ivett,Berriman,Ivett.Berriman@yopmail.com,doctor
454,Emylee,Gwenore,Emylee.Gwenore@yopmail.com,police officer
455,Demetris,Poppy,Demetris.Poppy@yopmail.com,doctor
456,Yetty,Smitt,Yetty.Smitt@yopmail.com,firefighter
457,Rubie,Douglass,Rubie.Douglass@yopmail.com,firefighter
458,Bettine,Mott,Bettine.Mott@yopmail.com,doctor
459,Allyce,Hurley,Allyce.Hurley@yopmail.com,worker
460,Misha,Tound,Misha.Tound@yopmail.com,developer
461,Deane,Newell,Deane.Newell@yopmail.com,developer
462,Dyann,Klotz,Dyann.Klotz@yopmail.com,worker
463,Raf,Goerke,Raf.Goerke@yopmail.com,worker
464,Cathyleen,Hepsibah,Cathyleen.Hepsibah@yopmail.com,firefighter
465,Max,Vins,Max.Vins@yopmail.com,doctor
466,Marnia,Jethro,Marnia.Jethro@yopmail.com,firefighter
467,Konstance,Lytton,Konstance.Lytton@yopmail.com,firefighter
468,Ulrike,Lacombe,Ulrike.Lacombe@yopmail.com,worker
469,Dulcinea,Bakerman,Dulcinea.Bakerman@yopmail.com,doctor
470,Joane,Cleo,Joane.Cleo@yopmail.com,doctor
471,Lenna,Fiester,Lenna.Fiester@yopmail.com,firefighter
472,Emelina,Durware,Emelina.Durware@yopmail.com,firefighter
473,Corry,Lanita,Corry.Lanita@yopmail.com,worker
474,Estell,Juliet,Estell.Juliet@yopmail.com,worker
475,Vita,Telfer,Vita.Telfer@yopmail.com,police officer
476,Agnese,Stuart,Agnese.Stuart@yopmail.com,firefighter
477,Eolanda,Virgin,Eolanda.Virgin@yopmail.com,firefighter
478,Joelly,Isidore,Joelly.Isidore@yopmail.com,firefighter
479,Caritta,Kimmie,Caritta.Kimmie@yopmail.com,police officer
480,Xylina,Tamar,Xylina.Tamar@yopmail.com,police officer
481,Sandie,Serilda,Sandie.Serilda@yopmail.com,developer
482,Emelina,Malanie,Emelina.Malanie@yopmail.com,developer
483,Dotty,Kevon,Dotty.Kevon@yopmail.com,worker
484,Trixi,Gaspard,Trixi.Gaspard@yopmail.com,police officer
485,Marti,Kolnick,Marti.Kolnick@yopmail.com,worker
486,June,Shields,June.Shields@yopmail.com,doctor
487,Damaris,Marden,Damaris.Marden@yopmail.com,developer
488,Laure,Wenda,Laure.Wenda@yopmail.com,police officer
489,Gusella,Telfer,Gusella.Telfer@yopmail.com,developer
490,Leona,Bonilla,Leona.Bonilla@yopmail.com,developer
491,Dulcinea,Fennessy,Dulcinea.Fennessy@yopmail.com,worker
492,Orelia,Garrison,Orelia.Garrison@yopmail.com,firefighter
493,Ellette,Kaja,Ellette.Kaja@yopmail.com,doctor
494,Nonnah,Yusuk,Nonnah.Yusuk@yopmail.com,developer
495,Sophia,Ries,Sophia.Ries@yopmail.com,doctor
496,Marsiella,Zamora,Marsiella.Zamora@yopmail.com,worker
497,Vere,Maxi,Vere.Maxi@yopmail.com,doctor
498,Karly,Beniamino,Karly.Beniamino@yopmail.com,developer
499,Kimmy,Hortensia,Kimmy.Hortensia@yopmail.com,developer
500,Dede,Tarrant,Dede.Tarrant@yopmail.com,doctor
501,Elyssa,Holbrook,Elyssa.Holbrook@yopmail.com,police officer
502,Thalia,Mata,Thalia.Mata@yopmail.com,firefighter
503,Estell,Goode,Estell.Goode@yopmail.com,worker
504,Babita,Honoria,Babita.Honoria@yopmail.com,police officer
505,Norine,Docilla,Norine.Docilla@yopmail.com,developer
506,Nelle,Ailyn,Nelle.Ailyn@yopmail.com,developer
507,Alleen,Rosemary,Alleen.Rosemary@yopmail.com,developer
508,Charissa,Thunell,Charissa.Thunell@yopmail.com,developer
509,Betta,Schenck,Betta.Schenck@yopmail.com,doctor
510,Tami,Sikorski,Tami.Sikorski@yopmail.com,developer
511,Sadie,Chandler,Sadie.Chandler@yopmail.com,doctor
512,Fred,Maples,Fred.Maples@yopmail.com,firefighter
513,Alexine,Drus,Alexine.Drus@yopmail.com,firefighter
514,Ashlee,Wesle,Ashlee.Wesle@yopmail.com,developer
515,Cissiee,Phyllis,Cissiee.Phyllis@yopmail.com,worker
516,Stacey,Kesley,Stacey.Kesley@yopmail.com,doctor
517,Codie,Chem,Codie.Chem@yopmail.com,doctor
518,Ezmeralda,Kravits,Ezmeralda.Kravits@yopmail.com,doctor
519,Agathe,Zola,Agathe.Zola@yopmail.com,police officer
520,Gretal,Evvie,Gretal.Evvie@yopmail.com,doctor
521,Melanie,Obed,Melanie.Obed@yopmail.com,doctor
522,Mureil,Borrell,Mureil.Borrell@yopmail.com,firefighter
523,Daphne,Brandice,Daphne.Brandice@yopmail.com,firefighter
524,Talya,Drisko,Talya.Drisko@yopmail.com,developer
525,Heddie,Sinegold,Heddie.Sinegold@yopmail.com,firefighter
526,Trixi,Ralfston,Trixi.Ralfston@yopmail.com,police officer
527,Sybille,Dudley,Sybille.Dudley@yopmail.com,developer
528,Isa,Nikaniki,Isa.Nikaniki@yopmail.com,worker
529,Lindie,Cosenza,Lindie.Cosenza@yopmail.com,firefighter
530,Judy,Barrus,Judy.Barrus@yopmail.com,police officer
531,Sheree,Ader,Sheree.Ader@yopmail.com,developer
532,Wilma,Rosalba,Wilma.Rosalba@yopmail.com,developer
533,Kimberley,Gavrila,Kimberley.Gavrila@yopmail.com,firefighter
534,Tamqrah,Publia,Tamqrah.Publia@yopmail.com,police officer
535,Deirdre,Persse,Deirdre.Persse@yopmail.com,police officer
536,Ayn,Phi,Ayn.Phi@yopmail.com,developer
537,Romona,Alexandr,Romona.Alexandr@yopmail.com,worker
538,Linzy,Agle,Linzy.Agle@yopmail.com,doctor
539,Adore,MacIntosh,Adore.MacIntosh@yopmail.com,firefighter
540,Janenna,Smitt,Janenna.Smitt@yopmail.com,police officer
541,Lynnea,Gillan,Lynnea.Gillan@yopmail.com,doctor
542,Elfreda,Sandye,Elfreda.Sandye@yopmail.com,developer
543,Feliza,Joli,Feliza.Joli@yopmail.com,worker
544,Myrtice,Bivins,Myrtice.Bivins@yopmail.com,firefighter
545,Joane,Tannie,Joane.Tannie@yopmail.com,developer
546,Gertrud,Colleen,Gertrud.Colleen@yopmail.com,developer
547,Ellette,Argus,Ellette.Argus@yopmail.com,doctor
548,Rubie,Horan,Rubie.Horan@yopmail.com,developer
549,Teddie,Saint,Teddie.Saint@yopmail.com,police officer
550,Gwenneth,Destinee,Gwenneth.Destinee@yopmail.com,developer
551,Agnese,Lewes,Agnese.Lewes@yopmail.com,doctor
552,Tani,Wareing,Tani.Wareing@yopmail.com,doctor
553,Barbara,Terencio,Barbara.Terencio@yopmail.com,developer
554,Nannie,Weinreb,Nannie.Weinreb@yopmail.com,worker
555,Myriam,Jagir,Myriam.Jagir@yopmail.com,firefighter
556,Marinna,Westphal,Marinna.Westphal@yopmail.com,doctor
557,Atlanta,Frendel,Atlanta.Frendel@yopmail.com,doctor
558,Courtnay,Velick,Courtnay.Velick@yopmail.com,doctor
559,Ariela,Ruvolo,Ariela.Ruvolo@yopmail.com,firefighter
560,Shel,Anderea,Shel.Anderea@yopmail.com,worker
561,Helena,Sawtelle,Helena.Sawtelle@yopmail.com,doctor
562,Lacie,Abernon,Lacie.Abernon@yopmail.com,worker
563,Elbertina,Sabella,Elbertina.Sabella@yopmail.com,firefighter
564,Caryl,Gualtiero,Caryl.Gualtiero@yopmail.com,worker
565,Karolina,Othilia,Karolina.Othilia@yopmail.com,developer
566,Estell,Maples,Estell.Maples@yopmail.com,doctor
567,Lenna,Orpah,Lenna.Orpah@yopmail.com,firefighter
568,Ida,Nea,Ida.Nea@yopmail.com,developer
569,Linet,Alcott,Linet.Alcott@yopmail.com,developer
570,Roz,Lory,Roz.Lory@yopmail.com,firefighter
571,Correy,Malvino,Correy.Malvino@yopmail.com,developer
572,Miquela,Klemperer,Miquela.Klemperer@yopmail.com,police officer
573,Nananne,Emmy,Nananne.Emmy@yopmail.com,police officer
574,Mary,Syd,Mary.Syd@yopmail.com,police officer
575,Fayre,Tamar,Fayre.Tamar@yopmail.com,firefighter
576,Brynna,Pacorro,Brynna.Pacorro@yopmail.com,worker
577,Goldie,Gaal,Goldie.Gaal@yopmail.com,firefighter
578,Evaleen,Tacye,Evaleen.Tacye@yopmail.com,firefighter
579,Carolina,Hachmin,Carolina.Hachmin@yopmail.com,worker
580,Annaliese,Naor,Annaliese.Naor@yopmail.com,police officer
581,Perry,Roxanna,Perry.Roxanna@yopmail.com,worker
582,Ariela,Fancie,Ariela.Fancie@yopmail.com,doctor
583,Winny,Friede,Winny.Friede@yopmail.com,worker
584,Melodie,Billye,Melodie.Billye@yopmail.com,worker
585,Ada,Andrel,Ada.Andrel@yopmail.com,police officer
586,Sheelagh,Keelia,Sheelagh.Keelia@yopmail.com,doctor
587,Elmira,Seumas,Elmira.Seumas@yopmail.com,worker
588,Augustine,Ioab,Augustine.Ioab@yopmail.com,doctor
589,Aurore,Willie,Aurore.Willie@yopmail.com,police officer
590,Josephine,Masao,Josephine.Masao@yopmail.com,police officer
591,Rori,Sandye,Rori.Sandye@yopmail.com,doctor
592,Shaine,Markman,Shaine.Markman@yopmail.com,worker
593,Frank,Vernier,Frank.Vernier@yopmail.com,firefighter
594,Jany,Ariella,Jany.Ariella@yopmail.com,police officer
595,Cristabel,Nore,Cristabel.Nore@yopmail.com,doctor
596,Hannis,Maurine,Hannis.Maurine@yopmail.com,worker
597,Lynnea,Jalbert,Lynnea.Jalbert@yopmail.com,police officer
598,Harrietta,Valoniah,Harrietta.Valoniah@yopmail.com,developer
599,Florencia,Dorine,Florencia.Dorine@yopmail.com,doctor
600,Anallese,Fax,Anallese.Fax@yopmail.com,police officer
601,Deloria,Lindemann,Deloria.Lindemann@yopmail.com,doctor
602,Jacquetta,Evangelia,Jacquetta.Evangelia@yopmail.com,developer
603,Rochette,Buttaro,Rochette.Buttaro@yopmail.com,doctor
604,Arlena,Remmer,Arlena.Remmer@yopmail.com,firefighter
605,Penelopa,Breed,Penelopa.Breed@yopmail.com,doctor
606,Fina,Ventre,Fina.Ventre@yopmail.com,doctor
607,Celene,Aurelio,Celene.Aurelio@yopmail.com,firefighter
608,Daryl,August,Daryl.August@yopmail.com,firefighter
609,Johna,Concha,Johna.Concha@yopmail.com,doctor
610,Lusa,Idelia,Lusa.Idelia@yopmail.com,worker
611,Tera,Nicoline,Tera.Nicoline@yopmail.com,doctor
612,Belva,Mike,Belva.Mike@yopmail.com,worker
613,Allis,Sasnett,Allis.Sasnett@yopmail.com,firefighter
614,Jacenta,Tremayne,Jacenta.Tremayne@yopmail.com,doctor
615,Lily,Jagir,Lily.Jagir@yopmail.com,developer
616,Anallese,Dunkin,Anallese.Dunkin@yopmail.com,worker
617,Katharina,Thomasina,Katharina.Thomasina@yopmail.com,firefighter
618,Corly,Israeli,Corly.Israeli@yopmail.com,developer
619,Wanda,Loeb,Wanda.Loeb@yopmail.com,worker
620,Morganica,Dituri,Morganica.Dituri@yopmail.com,worker
621,Cristabel,Wooster,Cristabel.Wooster@yopmail.com,worker
622,Helena,Vivle,Helena.Vivle@yopmail.com,firefighter
623,Clary,Lauraine,Clary.Lauraine@yopmail.com,developer
624,Phylis,Primalia,Phylis.Primalia@yopmail.com,police officer
625,Joeann,Phaidra,Joeann.Phaidra@yopmail.com,developer
626,Ezmeralda,Virgin,Ezmeralda.Virgin@yopmail.com,worker
627,Kalina,Smitt,Kalina.Smitt@yopmail.com,police officer
628,Teddie,Pettiford,Teddie.Pettiford@yopmail.com,firefighter
629,Carlie,Allare,Carlie.Allare@yopmail.com,doctor
630,Marnia,Kronfeld,Marnia.Kronfeld@yopmail.com,firefighter
631,Lynnea,Ammann,Lynnea.Ammann@yopmail.com,doctor
632,Chickie,Cassius,Chickie.Cassius@yopmail.com,developer
633,Dale,Pillsbury,Dale.Pillsbury@yopmail.com,doctor
634,Caritta,Garek,Caritta.Garek@yopmail.com,doctor
635,Orsola,Jaylene,Orsola.Jaylene@yopmail.com,worker
636,Tomasina,Graig,Tomasina.Graig@yopmail.com,firefighter
637,Bobinette,Elisha,Bobinette.Elisha@yopmail.com,firefighter
638,Corly,Eugenia,Corly.Eugenia@yopmail.com,police officer
639,Dede,Gilbertson,Dede.Gilbertson@yopmail.com,police officer
640,Allis,Sisile,Allis.Sisile@yopmail.com,firefighter
641,Dianemarie,Burnside,Dianemarie.Burnside@yopmail.com,developer
642,Renie,Harday,Renie.Harday@yopmail.com,firefighter
643,Zaria,Dorothy,Zaria.Dorothy@yopmail.com,developer
644,Romona,Gower,Romona.Gower@yopmail.com,doctor
645,Nerta,Jary,Nerta.Jary@yopmail.com,developer
646,Olivette,Bigner,Olivette.Bigner@yopmail.com,firefighter
647,Lisette,Decato,Lisette.Decato@yopmail.com,police officer
648,Jeanna,Neva,Jeanna.Neva@yopmail.com,firefighter
649,Ariela,Yam,Ariela.Yam@yopmail.com,firefighter
650,Di,Gert,Di.Gert@yopmail.com,doctor
651,Carol-Jean,Georas,Carol-Jean.Georas@yopmail.com,developer
652,Gusty,Azeria,Gusty.Azeria@yopmail.com,doctor
653,Jenda,Ranjiv,Jenda.Ranjiv@yopmail.com,police officer
654,Raf,Phaidra,Raf.Phaidra@yopmail.com,doctor
655,Bettine,August,Bettine.August@yopmail.com,firefighter
656,Jinny,Tristram,Jinny.Tristram@yopmail.com,worker
657,Kerrin,Ezar,Kerrin.Ezar@yopmail.com,police officer
658,Babita,Juliet,Babita.Juliet@yopmail.com,police officer
659,Lynea,Naashom,Lynea.Naashom@yopmail.com,worker
660,Cacilie,Tyson,Cacilie.Tyson@yopmail.com,worker
661,Bettine,Marisa,Bettine.Marisa@yopmail.com,police officer
662,Rosanne,Afton,Rosanne.Afton@yopmail.com,police officer
663,Lauryn,Abram,Lauryn.Abram@yopmail.com,police officer
664,Cam,Narton,Cam.Narton@yopmail.com,police officer
665,Pamella,Hermes,Pamella.Hermes@yopmail.com,firefighter
666,Jaclyn,An,Jaclyn.An@yopmail.com,police officer
667,Sophia,Publia,Sophia.Publia@yopmail.com,worker
668,Layla,Stav,Layla.Stav@yopmail.com,developer
669,Gabi,Stav,Gabi.Stav@yopmail.com,police officer
670,Aigneis,Ellerey,Aigneis.Ellerey@yopmail.com,doctor
671,Meg,Arne,Meg.Arne@yopmail.com,firefighter
672,Larine,Niles,Larine.Niles@yopmail.com,worker
673,Marjie,Glenden,Marjie.Glenden@yopmail.com,doctor
674,Maud,Rolf,Maud.Rolf@yopmail.com,developer
675,Myrtice,Aloise,Myrtice.Aloise@yopmail.com,police officer
676,Di,Bollay,Di.Bollay@yopmail.com,developer
677,Nickie,Suk,Nickie.Suk@yopmail.com,developer
678,Di,Esmaria,Di.Esmaria@yopmail.com,firefighter
679,Therine,Gilbertson,Therine.Gilbertson@yopmail.com,worker
680,Sissy,Pauly,Sissy.Pauly@yopmail.com,developer
681,Marjie,Shuler,Marjie.Shuler@yopmail.com,firefighter
682,Brana,Peti,Brana.Peti@yopmail.com,worker
683,Corly,Buttaro,Corly.Buttaro@yopmail.com,doctor
684,Suzette,Voletta,Suzette.Voletta@yopmail.com,doctor
685,Tina,Kermit,Tina.Kermit@yopmail.com,worker
686,Marinna,Nelsen,Marinna.Nelsen@yopmail.com,doctor
687,Tierney,Schlosser,Tierney.Schlosser@yopmail.com,police officer
688,Wilma,Bearnard,Wilma.Bearnard@yopmail.com,worker
689,Feliza,Reidar,Feliza.Reidar@yopmail.com,firefighter
690,Rubie,Stav,Rubie.Stav@yopmail.com,police officer
691,Georgina,Lucienne,Georgina.Lucienne@yopmail.com,firefighter
692,Halette,Fontana,Halette.Fontana@yopmail.com,police officer
693,Elbertina,Markman,Elbertina.Markman@yopmail.com,police officer
694,Nollie,Sperling,Nollie.Sperling@yopmail.com,developer
695,Ronna,Isidore,Ronna.Isidore@yopmail.com,police officer
696,Alia,Tryck,Alia.Tryck@yopmail.com,developer
697,Debee,Maribeth,Debee.Maribeth@yopmail.com,police officer
698,Winifred,Huggins,Winifred.Huggins@yopmail.com,police officer
699,Lisette,Alice,Lisette.Alice@yopmail.com,firefighter
700,Taffy,Llovera,Taffy.Llovera@yopmail.com,police officer
701,Jacquetta,Oscar,Jacquetta.Oscar@yopmail.com,firefighter
702,Mamie,Yate,Mamie.Yate@yopmail.com,developer
703,Albertina,Jeanne,Albertina.Jeanne@yopmail.com,doctor
704,Carlie,Natica,Carlie.Natica@yopmail.com,worker
705,Celisse,Elsinore,Celisse.Elsinore@yopmail.com,firefighter
706,Kary,Martguerita,Kary.Martguerita@yopmail.com,police officer
707,Goldie,Dunkin,Goldie.Dunkin@yopmail.com,worker
708,Giustina,Bahr,Giustina.Bahr@yopmail.com,developer
709,Leona,Ralfston,Leona.Ralfston@yopmail.com,worker
710,Kenna,Adamsen,Kenna.Adamsen@yopmail.com,firefighter
711,Lila,Percy,Lila.Percy@yopmail.com,worker
712,Tybie,Therine,Tybie.Therine@yopmail.com,developer
713,Andeee,Standing,Andeee.Standing@yopmail.com,doctor
714,Maud,Byrne,Maud.Byrne@yopmail.com,worker
715,Melisent,Honoria,Melisent.Honoria@yopmail.com,police officer
716,Jorry,Bord,Jorry.Bord@yopmail.com,police officer
717,Beatriz,Sabella,Beatriz.Sabella@yopmail.com,firefighter
718,Ilse,Larochelle,Ilse.Larochelle@yopmail.com,doctor
719,Catharine,Catie,Catharine.Catie@yopmail.com,developer
720,Dyann,Payson,Dyann.Payson@yopmail.com,developer
721,Roxane,Sundin,Roxane.Sundin@yopmail.com,police officer
722,Ricky,Eldrid,Ricky.Eldrid@yopmail.com,firefighter
723,Reeba,Morehouse,Reeba.Morehouse@yopmail.com,police officer
724,Sissy,Lorain,Sissy.Lorain@yopmail.com,doctor
725,Cindelyn,Sothena,Cindelyn.Sothena@yopmail.com,doctor
726,Dede,Wandie,Dede.Wandie@yopmail.com,firefighter
727,Brana,Wilkinson,Brana.Wilkinson@yopmail.com,firefighter
728,Blake,Garbe,Blake.Garbe@yopmail.com,firefighter
729,Edyth,Sparhawk,Edyth.Sparhawk@yopmail.com,doctor
730,Esmeralda,Dowski,Esmeralda.Dowski@yopmail.com,developer
731,Natka,Erskine,Natka.Erskine@yopmail.com,firefighter
732,Corry,Sheedy,Corry.Sheedy@yopmail.com,worker
733,Gilligan,Adalbert,Gilligan.Adalbert@yopmail.com,developer
734,Gerrie,Cassius,Gerrie.Cassius@yopmail.com,developer
735,Phedra,Sprage,Phedra.Sprage@yopmail.com,worker
736,Celestyna,Hoenack,Celestyna.Hoenack@yopmail.com,developer
737,Larine,Justinn,Larine.Justinn@yopmail.com,firefighter
738,Debee,Jacinda,Debee.Jacinda@yopmail.com,police officer
739,Caryl,Kosey,Caryl.Kosey@yopmail.com,developer
740,Dari,Cohdwell,Dari.Cohdwell@yopmail.com,doctor
741,Ann-Marie,Holbrook,Ann-Marie.Holbrook@yopmail.com,worker
742,Gertrud,Pandolfi,Gertrud.Pandolfi@yopmail.com,doctor
743,Jackie,Bennie,Jackie.Bennie@yopmail.com,developer
744,Libbie,Gahl,Libbie.Gahl@yopmail.com,worker
745,Rani,Lory,Rani.Lory@yopmail.com,worker
746,Inga,Bahr,Inga.Bahr@yopmail.com,police officer
747,Dominga,Hubert,Dominga.Hubert@yopmail.com,police officer
748,Nanete,Calhoun,Nanete.Calhoun@yopmail.com,developer
749,Nonnah,Luhe,Nonnah.Luhe@yopmail.com,doctor
750,Raquela,Yoko,Raquela.Yoko@yopmail.com,firefighter
751,Rhoda,Gillan,Rhoda.Gillan@yopmail.com,developer
752,Glenda,Rubie,Glenda.Rubie@yopmail.com,police officer
753,Hyacinthe,McNully,Hyacinthe.McNully@yopmail.com,worker
754,Raina,Cleo,Raina.Cleo@yopmail.com,developer
755,Margalo,Heisel,Margalo.Heisel@yopmail.com,doctor
756,Ann-Marie,Nickola,Ann-Marie.Nickola@yopmail.com,doctor
757,Brandise,Erich,Brandise.Erich@yopmail.com,developer
758,Reeba,Naashom,Reeba.Naashom@yopmail.com,doctor
759,Rochette,Euridice,Rochette.Euridice@yopmail.com,firefighter
760,Joceline,Ambrosia,Joceline.Ambrosia@yopmail.com,doctor
761,Maisey,Melleta,Maisey.Melleta@yopmail.com,worker
762,Edyth,Abram,Edyth.Abram@yopmail.com,police officer
763,Olwen,Konyn,Olwen.Konyn@yopmail.com,doctor
764,Leeanne,Ardeha,Leeanne.Ardeha@yopmail.com,doctor
765,Camile,Donell,Camile.Donell@yopmail.com,firefighter
766,Shell,Israeli,Shell.Israeli@yopmail.com,developer
767,Zsa Zsa,Lipson,Zsa Zsa.Lipson@yopmail.com,developer
768,Elka,Telfer,Elka.Telfer@yopmail.com,developer
769,Nollie,Cohdwell,Nollie.Cohdwell@yopmail.com,doctor
770,Aubrie,Kare,Aubrie.Kare@yopmail.com,firefighter
771,Micheline,Mauer,Micheline.Mauer@yopmail.com,worker
772,Tonia,Barbey,Tonia.Barbey@yopmail.com,doctor
773,Tori,Medrek,Tori.Medrek@yopmail.com,doctor
774,Magdalena,Joli,Magdalena.Joli@yopmail.com,developer
775,Myrtice,Cutlerr,Myrtice.Cutlerr@yopmail.com,police officer
776,Sabina,Swanhildas,Sabina.Swanhildas@yopmail.com,doctor
777,Ada,Pearse,Ada.Pearse@yopmail.com,developer
778,Siana,Hurley,Siana.Hurley@yopmail.com,worker
779,Orelia,Grosz,Orelia.Grosz@yopmail.com,worker
780,Lexine,Giule,Lexine.Giule@yopmail.com,worker
781,Fayre,Tristram,Fayre.Tristram@yopmail.com,worker
782,Roslyn,Bonucci,Roslyn.Bonucci@yopmail.com,doctor
783,Janey,Llovera,Janey.Llovera@yopmail.com,police officer
784,Ilse,Ade,Ilse.Ade@yopmail.com,police officer
785,Esmeralda,Orelee,Esmeralda.Orelee@yopmail.com,worker
786,Blinni,Harriman,Blinni.Harriman@yopmail.com,developer
787,Suzette,Vivle,Suzette.Vivle@yopmail.com,developer
788,Joy,Winnick,Joy.Winnick@yopmail.com,doctor
789,Ivett,Carbo,Ivett.Carbo@yopmail.com,firefighter
790,Bee,Brotherson,Bee.Brotherson@yopmail.com,developer
791,Clarice,Garek,Clarice.Garek@yopmail.com,worker
792,Orelia,Schonfeld,Orelia.Schonfeld@yopmail.com,doctor
793,Cherrita,Maples,Cherrita.Maples@yopmail.com,police officer
794,Libbie,Bouchard,Libbie.Bouchard@yopmail.com,doctor
795,Dulcinea,Kress,Dulcinea.Kress@yopmail.com,police officer
796,Diena,Karylin,Diena.Karylin@yopmail.com,firefighter
797,Jackie,Madaih,Jackie.Madaih@yopmail.com,worker
798,Joelly,Kress,Joelly.Kress@yopmail.com,doctor
799,Patricia,Hedve,Patricia.Hedve@yopmail.com,worker
800,Michaelina,Pascia,Michaelina.Pascia@yopmail.com,police officer
801,Kimmy,Joachim,Kimmy.Joachim@yopmail.com,developer
802,Beverley,Allys,Beverley.Allys@yopmail.com,firefighter
803,Calla,Old,Calla.Old@yopmail.com,firefighter
804,Nita,Erskine,Nita.Erskine@yopmail.com,firefighter
805,Gusella,Hortensia,Gusella.Hortensia@yopmail.com,firefighter
806,Beth,Reinke,Beth.Reinke@yopmail.com,police officer
807,Gwyneth,Glovsky,Gwyneth.Glovsky@yopmail.com,worker
808,Sean,Paton,Sean.Paton@yopmail.com,firefighter
809,Shel,Guthrie,Shel.Guthrie@yopmail.com,worker
810,Lusa,Brodench,Lusa.Brodench@yopmail.com,doctor
811,Hallie,Gordon,Hallie.Gordon@yopmail.com,police officer
812,Olwen,Mott,Olwen.Mott@yopmail.com,developer
813,Karlee,Lowry,Karlee.Lowry@yopmail.com,doctor
814,Oralee,Adalbert,Oralee.Adalbert@yopmail.com,firefighter
815,Averyl,Mozelle,Averyl.Mozelle@yopmail.com,worker
816,Shaine,Serilda,Shaine.Serilda@yopmail.com,developer
817,Jacquetta,Anyah,Jacquetta.Anyah@yopmail.com,doctor
818,Christian,Rogerio,Christian.Rogerio@yopmail.com,worker
819,Roslyn,Gibbeon,Roslyn.Gibbeon@yopmail.com,developer
820,Arlina,Kristi,Arlina.Kristi@yopmail.com,developer
821,Maridel,Prober,Maridel.Prober@yopmail.com,doctor
822,Brena,Gregrory,Brena.Gregrory@yopmail.com,doctor
823,Alex,Sherfield,Alex.Sherfield@yopmail.com,firefighter
824,Netty,Jagir,Netty.Jagir@yopmail.com,developer
825,Alameda,Klotz,Alameda.Klotz@yopmail.com,doctor
826,Maurene,Lemuela,Maurene.Lemuela@yopmail.com,police officer
827,Adele,Norvol,Adele.Norvol@yopmail.com,police officer
828,Patricia,Chem,Patricia.Chem@yopmail.com,developer
829,Lyssa,Engdahl,Lyssa.Engdahl@yopmail.com,firefighter
830,Sherrie,Clywd,Sherrie.Clywd@yopmail.com,doctor
831,Nerta,Carolin,Nerta.Carolin@yopmail.com,doctor
832,Corry,Papageno,Corry.Papageno@yopmail.com,developer
833,Olwen,Israeli,Olwen.Israeli@yopmail.com,doctor
834,Catharine,Swanhildas,Catharine.Swanhildas@yopmail.com,worker
835,Lorne,Anestassia,Lorne.Anestassia@yopmail.com,developer
836,Annice,Harl,Annice.Harl@yopmail.com,firefighter
837,Tressa,Hutchison,Tressa.Hutchison@yopmail.com,doctor
838,Dagmar,Ries,Dagmar.Ries@yopmail.com,developer
839,Nadine,Florina,Nadine.Florina@yopmail.com,doctor
840,Deane,O'Neill,Deane.O'Neill@yopmail.com,worker
841,Kimberley,Linskey,Kimberley.Linskey@yopmail.com,police officer
842,Dianemarie,Monaco,Dianemarie.Monaco@yopmail.com,worker
843,Jinny,Kendrick,Jinny.Kendrick@yopmail.com,doctor
844,Kittie,Magnolia,Kittie.Magnolia@yopmail.com,doctor
845,Neila,Dituri,Neila.Dituri@yopmail.com,doctor
846,Edee,Paton,Edee.Paton@yopmail.com,firefighter
847,Johna,Chobot,Johna.Chobot@yopmail.com,police officer
848,Emelina,Claudine,Emelina.Claudine@yopmail.com,worker
849,Kirstin,Lacombe,Kirstin.Lacombe@yopmail.com,doctor
850,Dolli,Silvan,Dolli.Silvan@yopmail.com,police officer
851,Carree,Pacorro,Carree.Pacorro@yopmail.com,worker
852,Lorie,Parette,Lorie.Parette@yopmail.com,firefighter
853,Zsa Zsa,Hilbert,Zsa Zsa.Hilbert@yopmail.com,doctor
854,Lita,Daegal,Lita.Daegal@yopmail.com,firefighter
855,Jean,Sparhawk,Jean.Sparhawk@yopmail.com,worker
856,Merrie,Elo,Merrie.Elo@yopmail.com,developer
857,Jaime,Stacy,Jaime.Stacy@yopmail.com,doctor
858,Joane,Tremayne,Joane.Tremayne@yopmail.com,police officer
859,Henriette,Radu,Henriette.Radu@yopmail.com,developer
860,Chere,Tryck,Chere.Tryck@yopmail.com,developer
861,Carilyn,Evangelia,Carilyn.Evangelia@yopmail.com,doctor
862,Meg,Halsey,Meg.Halsey@yopmail.com,doctor
863,Ethel,Ciro,Ethel.Ciro@yopmail.com,firefighter
864,Pearline,Jarib,Pearline.Jarib@yopmail.com,doctor
865,Kaia,Jobi,Kaia.Jobi@yopmail.com,worker
866,Jenilee,Astra,Jenilee.Astra@yopmail.com,firefighter
867,Dale,Chick,Dale.Chick@yopmail.com,firefighter
868,Valera,Elephus,Valera.Elephus@yopmail.com,police officer
869,Doralynne,Klemperer,Doralynne.Klemperer@yopmail.com,doctor
870,Ivett,Zachary,Ivett.Zachary@yopmail.com,police officer
871,Hayley,Bord,Hayley.Bord@yopmail.com,developer
872,Karlee,Ruvolo,Karlee.Ruvolo@yopmail.com,worker
873,Caressa,Argus,Caressa.Argus@yopmail.com,police officer
874,Hyacinthe,Lea,Hyacinthe.Lea@yopmail.com,doctor
875,Jobi,Lumbard,Jobi.Lumbard@yopmail.com,doctor
876,Flory,Codding,Flory.Codding@yopmail.com,doctor
877,Rori,Bow,Rori.Bow@yopmail.com,doctor
878,Kenna,Masao,Kenna.Masao@yopmail.com,police officer
879,Arlena,Israeli,Arlena.Israeli@yopmail.com,firefighter
880,Atlanta,Love,Atlanta.Love@yopmail.com,worker
881,Jeanna,Love,Jeanna.Love@yopmail.com,police officer
882,Rosene,Tristram,Rosene.Tristram@yopmail.com,doctor
883,Corry,Gherardo,Corry.Gherardo@yopmail.com,worker
884,Emylee,Eldrid,Emylee.Eldrid@yopmail.com,worker
885,Marguerite,Ledah,Marguerite.Ledah@yopmail.com,firefighter
886,Evaleen,Raffo,Evaleen.Raffo@yopmail.com,doctor
887,Fawne,Ardra,Fawne.Ardra@yopmail.com,doctor
888,Lynea,Roche,Lynea.Roche@yopmail.com,developer
889,Celestyna,Egbert,Celestyna.Egbert@yopmail.com,worker
890,Maye,Nelsen,Maye.Nelsen@yopmail.com,firefighter
891,Lucy,Mehalek,Lucy.Mehalek@yopmail.com,developer
892,Edith,Diogenes,Edith.Diogenes@yopmail.com,police officer
893,Carree,Catie,Carree.Catie@yopmail.com,police officer
894,Lorne,Bluh,Lorne.Bluh@yopmail.com,doctor
895,Bernie,Cloris,Bernie.Cloris@yopmail.com,doctor
896,Lizzie,Bronk,Lizzie.Bronk@yopmail.com,doctor
897,Annabela,Strephon,Annabela.Strephon@yopmail.com,doctor
898,Moyna,Carri,Moyna.Carri@yopmail.com,firefighter
899,Cathyleen,Dyche,Cathyleen.Dyche@yopmail.com,police officer
900,Fredericka,Daegal,Fredericka.Daegal@yopmail.com,developer
901,Bernie,Lattie,Bernie.Lattie@yopmail.com,developer
902,Talya,Xerxes,Talya.Xerxes@yopmail.com,police officer
903,Regina,Sandye,Regina.Sandye@yopmail.com,doctor
904,Iseabal,Alcott,Iseabal.Alcott@yopmail.com,doctor
905,Ketti,Philipp,Ketti.Philipp@yopmail.com,developer
906,Wilma,Schroth,Wilma.Schroth@yopmail.com,doctor
907,Tersina,Merna,Tersina.Merna@yopmail.com,worker
908,Joelly,Narton,Joelly.Narton@yopmail.com,developer
909,Maisey,Seessel,Maisey.Seessel@yopmail.com,developer
910,Dotty,Phaidra,Dotty.Phaidra@yopmail.com,police officer
911,Doralynne,Cavan,Doralynne.Cavan@yopmail.com,worker
912,Lynea,Sallyann,Lynea.Sallyann@yopmail.com,doctor
913,Nicoli,Anastatius,Nicoli.Anastatius@yopmail.com,worker
914,Lisette,Pyle,Lisette.Pyle@yopmail.com,firefighter
915,Nelle,Keelia,Nelle.Keelia@yopmail.com,police officer
916,Sonni,Leffen,Sonni.Leffen@yopmail.com,firefighter
917,Catrina,Hepsibah,Catrina.Hepsibah@yopmail.com,developer
918,Kara-Lynn,Jerald,Kara-Lynn.Jerald@yopmail.com,developer
919,Isa,Jeanne,Isa.Jeanne@yopmail.com,developer
920,Karly,Fadiman,Karly.Fadiman@yopmail.com,developer
921,Blinni,Bouchard,Blinni.Bouchard@yopmail.com,doctor
922,Kate,Thar,Kate.Thar@yopmail.com,doctor
923,Kellen,Barrus,Kellen.Barrus@yopmail.com,firefighter
924,Marylou,Emmy,Marylou.Emmy@yopmail.com,firefighter
925,Alyssa,Faro,Alyssa.Faro@yopmail.com,doctor
926,Ashlee,Yorick,Ashlee.Yorick@yopmail.com,developer
927,Kirstin,Ariella,Kirstin.Ariella@yopmail.com,police officer
928,Juliane,Harl,Juliane.Harl@yopmail.com,worker
929,Dyann,Swigart,Dyann.Swigart@yopmail.com,police officer
930,Lonnie,Artie,Lonnie.Artie@yopmail.com,worker
931,Florencia,Giule,Florencia.Giule@yopmail.com,firefighter
932,Anica,Dannye,Anica.Dannye@yopmail.com,firefighter
933,Emylee,Terencio,Emylee.Terencio@yopmail.com,worker
934,Glynnis,Lamoree,Glynnis.Lamoree@yopmail.com,firefighter
935,Lyssa,Guthrie,Lyssa.Guthrie@yopmail.com,developer
936,Eve,Cornelia,Eve.Cornelia@yopmail.com,doctor
937,Silvana,Ochs,Silvana.Ochs@yopmail.com,firefighter
938,Adelle,Kussell,Adelle.Kussell@yopmail.com,firefighter
939,Joceline,Calhoun,Joceline.Calhoun@yopmail.com,worker
940,Suzette,Isacco,Suzette.Isacco@yopmail.com,developer
941,Nicoli,Reneta,Nicoli.Reneta@yopmail.com,police officer
942,Marinna,Fabiola,Marinna.Fabiola@yopmail.com,worker
943,Ida,Selway,Ida.Selway@yopmail.com,doctor
944,Sissy,Zina,Sissy.Zina@yopmail.com,police officer
945,Mireielle,Primalia,Mireielle.Primalia@yopmail.com,firefighter
946,Aurelie,Salchunas,Aurelie.Salchunas@yopmail.com,firefighter
947,Sharlene,Westphal,Sharlene.Westphal@yopmail.com,doctor
948,Mamie,Infield,Mamie.Infield@yopmail.com,worker
949,Damaris,Hermes,Damaris.Hermes@yopmail.com,police officer
950,Rivalee,Eno,Rivalee.Eno@yopmail.com,worker
951,Merle,Arvo,Merle.Arvo@yopmail.com,police officer
952,Lacie,Cordi,Lacie.Cordi@yopmail.com,worker
953,Ellette,Carey,Ellette.Carey@yopmail.com,police officer
954,Ruthe,Peonir,Ruthe.Peonir@yopmail.com,worker
955,Kary,Munn,Kary.Munn@yopmail.com,firefighter
956,Judy,Baudin,Judy.Baudin@yopmail.com,developer
957,Maye,Durware,Maye.Durware@yopmail.com,firefighter
958,Yvonne,Moseley,Yvonne.Moseley@yopmail.com,developer
959,Tatiania,Demitria,Tatiania.Demitria@yopmail.com,doctor
960,Angela,Alwin,Angela.Alwin@yopmail.com,firefighter
961,Vivia,Germann,Vivia.Germann@yopmail.com,worker
962,Gloria,Minetta,Gloria.Minetta@yopmail.com,police officer
963,Paule,Shirberg,Paule.Shirberg@yopmail.com,worker
964,Doro,Rustice,Doro.Rustice@yopmail.com,worker
965,Rosaline,Othilia,Rosaline.Othilia@yopmail.com,worker
966,Atlanta,Alva,Atlanta.Alva@yopmail.com,police officer
967,Frank,Mehalek,Frank.Mehalek@yopmail.com,worker
968,Althea,Ietta,Althea.Ietta@yopmail.com,firefighter
969,Annaliese,Leffen,Annaliese.Leffen@yopmail.com,developer
970,Maisey,Margret,Maisey.Margret@yopmail.com,doctor
971,Mamie,Stover,Mamie.Stover@yopmail.com,police officer
972,Tamqrah,Cecile,Tamqrah.Cecile@yopmail.com,worker
973,Valli,Clara,Valli.Clara@yopmail.com,police officer
974,Alex,Knowling,Alex.Knowling@yopmail.com,police officer
975,Calla,Raimondo,Calla.Raimondo@yopmail.com,worker
976,Alejandra,Maples,Alejandra.Maples@yopmail.com,police officer
977,Hallie,Meter,Hallie.Meter@yopmail.com,firefighter
978,Clo,Orelee,Clo.Orelee@yopmail.com,developer
979,Edith,Kamaria,Edith.Kamaria@yopmail.com,firefighter
980,Chickie,Ulphia,Chickie.Ulphia@yopmail.com,firefighter
981,Liana,Phyllis,Liana.Phyllis@yopmail.com,worker
982,Marika,Madaih,Marika.Madaih@yopmail.com,firefighter
983,Leeanne,Colleen,Leeanne.Colleen@yopmail.com,developer
984,Rori,Lail,Rori.Lail@yopmail.com,doctor
985,Babita,Lalitta,Babita.Lalitta@yopmail.com,developer
986,Tracey,Hoenack,Tracey.Hoenack@yopmail.com,firefighter
987,Queenie,Lewes,Queenie.Lewes@yopmail.com,police officer
988,Netty,Salchunas,Netty.Salchunas@yopmail.com,developer
989,Farrah,Alarise,Farrah.Alarise@yopmail.com,developer
990,Shauna,Irmine,Shauna.Irmine@yopmail.com,developer
991,Asia,Dearborn,Asia.Dearborn@yopmail.com,firefighter
992,Wanda,Skell,Wanda.Skell@yopmail.com,police officer
993,Ricky,Yoko,Ricky.Yoko@yopmail.com,worker
994,Gilligan,Madaih,Gilligan.Madaih@yopmail.com,police officer
995,Letizia,Meli,Letizia.Meli@yopmail.com,police officer
996,Ekaterina,Lissi,Ekaterina.Lissi@yopmail.com,developer
997,Meriel,Alwin,Meriel.Alwin@yopmail.com,worker
998,Kayla,Freddi,Kayla.Freddi@yopmail.com,developer
999,Chandra,Albertine,Chandra.Albertine@yopmail.com,doctor
1000,Maud,Delila,Maud.Delila@yopmail.com,worker
1001,Ezmeralda,Aida,Ezmeralda.Aida@yopmail.com,police officer
1002,Catrina,Kalinda,Catrina.Kalinda@yopmail.com,worker
1003,Ayn,Marisa,Ayn.Marisa@yopmail.com,firefighter
1004,Tina,Joseph,Tina.Joseph@yopmail.com,firefighter
1005,Elena,Katrine,Elena.Katrine@yopmail.com,firefighter
1006,Di,Woodberry,Di.Woodberry@yopmail.com,firefighter
1007,Corene,Rubie,Corene.Rubie@yopmail.com,doctor
1008,Ketti,Reneta,Ketti.Reneta@yopmail.com,firefighter
1009,Philis,Pattin,Philis.Pattin@yopmail.com,developer
1010,Cristabel,Graig,Cristabel.Graig@yopmail.com,worker
1011,Esmeralda,Weitman,Esmeralda.Weitman@yopmail.com,firefighter
1012,Roseline,Dielu,Roseline.Dielu@yopmail.com,developer
1013,Winny,Vale,Winny.Vale@yopmail.com,developer
1014,Donetta,Daveta,Donetta.Daveta@yopmail.com,worker
1015,Joelly,Verger,Joelly.Verger@yopmail.com,police officer
1016,Nicoli,Fiann,Nicoli.Fiann@yopmail.com,police officer
1017,Susette,Teddman,Susette.Teddman@yopmail.com,developer
1018,Janey,Rubie,Janey.Rubie@yopmail.com,worker
1019,Shauna,Liva,Shauna.Liva@yopmail.com,worker
1020,Amara,Thornburg,Amara.Thornburg@yopmail.com,worker
1021,Teddie,Burkle,Teddie.Burkle@yopmail.com,firefighter
1022,Alejandra,Garlinda,Alejandra.Garlinda@yopmail.com,worker
1023,Gilligan,Rolf,Gilligan.Rolf@yopmail.com,worker
1024,Ardeen,Ashely,Ardeen.Ashely@yopmail.com,worker
1025,Micheline,Dudley,Micheline.Dudley@yopmail.com,developer
1026,Elmira,Buffum,Elmira.Buffum@yopmail.com,firefighter
1027,Rubie,Ackerley,Rubie.Ackerley@yopmail.com,worker
1028,Dode,Nadia,Dode.Nadia@yopmail.com,police officer
1029,Margette,Brackely,Margette.Brackely@yopmail.com,doctor
1030,Gloria,Kat,Gloria.Kat@yopmail.com,developer
1031,Millie,Beniamino,Millie.Beniamino@yopmail.com,firefighter
1032,Corry,Edee,Corry.Edee@yopmail.com,worker
1033,Fanchon,Tamar,Fanchon.Tamar@yopmail.com,firefighter
1034,Jessy,Hutchison,Jessy.Hutchison@yopmail.com,developer
1035,Chrystel,Mott,Chrystel.Mott@yopmail.com,developer
1036,Mignon,Shuler,Mignon.Shuler@yopmail.com,developer
1037,Carmela,Fontana,Carmela.Fontana@yopmail.com,firefighter
1038,Dorothy,Mata,Dorothy.Mata@yopmail.com,police officer
1039,Gilda,Ruvolo,Gilda.Ruvolo@yopmail.com,developer
1040,Sallie,Wesle,Sallie.Wesle@yopmail.com,police officer
1041,Petronia,Bendick,Petronia.Bendick@yopmail.com,worker
1042,Merci,Marsden,Merci.Marsden@yopmail.com,developer
1043,Elka,Valerio,Elka.Valerio@yopmail.com,developer
1044,Sean,Alice,Sean.Alice@yopmail.com,developer
1045,Silvana,Zamora,Silvana.Zamora@yopmail.com,police officer
1046,Rozele,Ambrosia,Rozele.Ambrosia@yopmail.com,doctor
1047,Maridel,Phyllis,Maridel.Phyllis@yopmail.com,developer
1048,Pearline,Liebermann,Pearline.Liebermann@yopmail.com,police officer
1049,Annabela,Toffic,Annabela.Toffic@yopmail.com,doctor
1050,Aimil,Mandler,Aimil.Mandler@yopmail.com,police officer
1051,Gretal,Barney,Gretal.Barney@yopmail.com,doctor
1052,Almeta,Yerkovich,Almeta.Yerkovich@yopmail.com,developer
1053,Tani,Weinreb,Tani.Weinreb@yopmail.com,doctor
1054,Annice,Reneta,Annice.Reneta@yopmail.com,developer
1055,Brena,Fairweather,Brena.Fairweather@yopmail.com,worker
1056,Diena,Zola,Diena.Zola@yopmail.com,doctor
1057,Joy,Bennie,Joy.Bennie@yopmail.com,police officer
1058,Lila,Faria,Lila.Faria@yopmail.com,developer
1059,Ricky,Brunell,Ricky.Brunell@yopmail.com,police officer
1060,Corina,Myrilla,Corina.Myrilla@yopmail.com,firefighter
1061,Aimil,Posner,Aimil.Posner@yopmail.com,firefighter
1062,Ofilia,Stanwood,Ofilia.Stanwood@yopmail.com,developer
1063,Letizia,Jary,Letizia.Jary@yopmail.com,doctor
1064,Paola,Schlosser,Paola.Schlosser@yopmail.com,worker
1065,Tatiania,Urania,Tatiania.Urania@yopmail.com,firefighter
1066,Wynne,Carey,Wynne.Carey@yopmail.com,worker
1067,Myriam,Ioab,Myriam.Ioab@yopmail.com,doctor
1068,Meriel,Elsinore,Meriel.Elsinore@yopmail.com,doctor
1069,Dagmar,Astra,Dagmar.Astra@yopmail.com,police officer
1070,Mary,Mintz,Mary.Mintz@yopmail.com,police officer
1071,Karlee,Bettine,Karlee.Bettine@yopmail.com,worker
1072,Rebeca,Aurelio,Rebeca.Aurelio@yopmail.com,worker
1073,Winifred,Gwenore,Winifred.Gwenore@yopmail.com,police officer
1074,Doro,Amethist,Doro.Amethist@yopmail.com,firefighter
1075,Leeanne,Drus,Leeanne.Drus@yopmail.com,developer
1076,Lorie,Morehouse,Lorie.Morehouse@yopmail.com,firefighter
1077,Averyl,Tippets,Averyl.Tippets@yopmail.com,doctor
1078,Claresta,McAdams,Claresta.McAdams@yopmail.com,worker
1079,Kaja,Schenck,Kaja.Schenck@yopmail.com,doctor
1080,Linzy,Neva,Linzy.Neva@yopmail.com,firefighter
1081,Peri,Sadowski,Peri.Sadowski@yopmail.com,developer
1082,Marnia,Lanita,Marnia.Lanita@yopmail.com,developer
1083,Gerianna,Bettine,Gerianna.Bettine@yopmail.com,firefighter
1084,Alisha,Brackely,Alisha.Brackely@yopmail.com,doctor
1085,Cassandra,Jenness,Cassandra.Jenness@yopmail.com,police officer
1086,Giustina,Nunci,Giustina.Nunci@yopmail.com,worker
1087,Stacey,Donoghue,Stacey.Donoghue@yopmail.com,doctor
1088,Asia,Israeli,Asia.Israeli@yopmail.com,police officer
1089,Benita,Marsden,Benita.Marsden@yopmail.com,firefighter
1090,Patricia,Colbert,Patricia.Colbert@yopmail.com,developer
1091,Amii,Belldas,Amii.Belldas@yopmail.com,developer
1092,Maye,Munn,Maye.Munn@yopmail.com,doctor
1093,Sadie,Gower,Sadie.Gower@yopmail.com,worker
1094,Mamie,Stelle,Mamie.Stelle@yopmail.com,police officer
1095,Mureil,Hollingsworth,Mureil.Hollingsworth@yopmail.com,developer
1096,Blondelle,Obed,Blondelle.Obed@yopmail.com,doctor
1097,Lenna,Leopold,Lenna.Leopold@yopmail.com,police officer
1098,Nelle,Prouty,Nelle.Prouty@yopmail.com,doctor
1099,Ursulina,Brunell,Ursulina.Brunell@yopmail.com,police officer